customer_message,type
"Hello, I am writing to inquire about the billing structure for the project management SaaS service. Could you provide more details on the pricing plans and any additional costs associated with the service?",Request
"I am interested in learning more about the SaaS project management solution, particularly about the billing cycle and payment options.",Request
"Could you provide additional details on the invoicing options and payment processing for the SaaS project management tool?",Request
"Seeking details on pricing tiers and billing options for a SaaS project management tool.",Request
"Is it possible to provide more information on the billing options for your project management SaaS?",Request
"I would like to inquire about the different payment options for annual subscription plans.",Request
"Hello Customer Support, I am reaching out to inquire about the pricing options and billing cycles for our SaaS project management solution.",Request
"Could you provide information on the billing setup for the project management SaaS platform?",Request
"Billing issue with SaaS subscription. Recent configuration changes might have affected it. Already checked payment details but the issue persists.",Incident
"Dear Support Team, our organization is encountering billing discrepancies for several products and services.",Incident
"I confirmed the payment schedules and examined the invoices, yet unpaid invoices still accrued unexpectedly.",Incident
"Customers are experiencing difficulties accessing billing services following the recent software update.",Incident
"Hello Customer Support, I would like to draw your attention to the billing error that has resulted in overcharges for multiple digital products.",Incident
"I am facing an unexpected issue with a payment failure on my ongoing subscription.",Incident
"Dear Customer Support, I have encountered an unexpected charge on my recent invoice.",Incident
"Multiple subscriptions are being billed incorrectly. I suspect there might be an issue with the payment gateway settings.",Incident
"Die monatliche Abonnementgebühr wurde zweimal abgerechnet, was den Kontostand erheblich beeinträchtigt hat. Ich vermute, dass der Rechnungsabwicklungseinwand aufgrund eines Systemfehlers zurückzuführen ist.",Problem
"Dear Customer Service, I am writing to report an issue with my last invoice. I was unexpectedly charged for multiple software products, including Sophos Home and Microsoft Teams. This appears to be due to a billing error involving duplicate charges.",Problem
"Received an incorrect invoice due to a billing system glitch.",Problem
"I have noticed some discrepancies in my subscription invoices recently, which may be due to the recent system update.",Problem
"I noticed there were unexpected charges on my latest invoice for products I didn't use.",Problem
"Our company has encountered unanticipated billing inconsistencies with annual subscriptions.",Problem
"I was charged twice during my monthly subscription billing cycle.",Problem
"A billing error has been detected in the invoicing of subscription services across multiple platforms.",Problem
"Our organizational setup has evolved, necessitating an update to our billing details for accuracy.",Change
"Please update the payment method for the marketing agency's software subscriptions.",Change
"I am reaching out to request an update on the billing information related to our products and marketing digital strategies.",Change
"Requesting an update to billing details for optimized investment analytics tools.",Change
"Dear Customer Support, we are writing to request an update to our billing information in order to better align with our enhanced data analytics tools, which have recently been implemented as part of an investment optimization initiative. Could you please adjust our billing cycle to monthly payments instead of the current quarterly payments? Additionally, we would like to update our payment method to a credit card.",Change
"Please update the billing system to support various subscription plans.",Change
"Kindly update the billing integration for seamless payments.",Change
"Please update billing details for Avast SendGrid to ensure uninterrupted access.",Change